<?xml version="1.0" encoding="UTF-8"?><rss version="2.0"
	xmlns:content="http://purl.org/rss/1.0/modules/content/"
	xmlns:wfw="http://wellformedweb.org/CommentAPI/"
	xmlns:dc="http://purl.org/dc/elements/1.1/"
	xmlns:atom="http://www.w3.org/2005/Atom"
	xmlns:sy="http://purl.org/rss/1.0/modules/syndication/"
	xmlns:slash="http://purl.org/rss/1.0/modules/slash/"
	
	xmlns:georss="http://www.georss.org/georss"
	xmlns:geo="http://www.w3.org/2003/01/geo/wgs84_pos#"
	>

<channel>
	<title>Slip-on - GlassArt</title>
	<atom:link href="http://localhost/progetto1/product-tag/slip-on/feed/?simply_static_page=523" rel="self" type="application/rss+xml" />
	<link></link>
	<description></description>
	<lastBuildDate>Fri, 03 Mar 2023 16:18:21 +0000</lastBuildDate>
	<language>it-IT</language>
	<sy:updatePeriod>
	hourly	</sy:updatePeriod>
	<sy:updateFrequency>
	1	</sy:updateFrequency>
	<generator>https://wordpress.org/?v=6.1.1</generator>

<image>
	<url>/wp-content/uploads/2017/07/cropped-belinni-favicon-80x80.png</url>
	<title>Slip-on - GlassArt</title>
	<link></link>
	<width>32</width>
	<height>32</height>
</image> 
	<item>
		<title>Arcobaleno in vetro</title>
		<link>/product/delicious-berries/?utm_source=rss#038;utm_medium=rss&#038;utm_campaign=delicious-berries</link>
					<comments>/product/delicious-berries/#comments</comments>
		
		<dc:creator><![CDATA[samuele]]></dc:creator>
		<pubDate>Wed, 24 May 2017 11:37:22 +0000</pubDate>
				<guid isPermaLink="false">http://belinni.pixel-show.com/?post_type=product&#038;p=405</guid>

					<description><![CDATA[<p>Il nostro arcobaleno in vetro fatto a mano è un'opera d'arte che incanta e stupisce per la sua bellezza e la sua precisione artigiana. Ogni pezzo è unico, realizzato interamente a mano da un maestro vetraio esperto che ha saputo unire la maestria artigiana alla creatività e alla fantasia.</p>
<p>L'arcobaleno è composto da sette colori diversi, disposti in modo armonioso e bilanciato. Il vetro utilizzato è di alta qualità, trasparente e cristallino, in grado di riflettere la luce e creare un gioco di riflessi che dona all'arcobaleno una bellezza unica.</p>
<p>L'arcobaleno può essere appeso a una finestra, a una parete o a qualsiasi altra superficie che possa valorizzarlo. La sua forma curva e sinuosa si adatta perfettamente a qualsiasi ambiente, dalla camera da letto al soggiorno, dalla cucina al bagno.</p>
<p>L'arcobaleno in vetro fatto a mano è un'opzione di design perfetta per aggiungere un tocco di colore e allegria alla tua casa o al tuo ufficio. La sua bellezza e la sua originalità sono in grado di catturare l'attenzione di chiunque lo veda, regalando emozioni e sensazioni di gioia e positività.</p>
<p>The post <a href="/product/delicious-berries/">Arcobaleno in vetro</a> first appeared on <a href="">GlassArt</a>.</p>]]></description>
										<content:encoded><![CDATA[<p>Il nostro arcobaleno in vetro fatto a mano è un&#8217;opera d&#8217;arte che incanta e stupisce per la sua bellezza e la sua precisione artigiana. Ogni pezzo è unico, realizzato interamente a mano da un maestro vetraio esperto che ha saputo unire la maestria artigiana alla creatività e alla fantasia.</p>
<p>L&#8217;arcobaleno è composto da sette colori diversi, disposti in modo armonioso e bilanciato. Il vetro utilizzato è di alta qualità, trasparente e cristallino, in grado di riflettere la luce e creare un gioco di riflessi che dona all&#8217;arcobaleno una bellezza unica.</p>
<p>L&#8217;arcobaleno può essere appeso a una finestra, a una parete o a qualsiasi altra superficie che possa valorizzarlo. La sua forma curva e sinuosa si adatta perfettamente a qualsiasi ambiente, dalla camera da letto al soggiorno, dalla cucina al bagno.</p>
<p>L&#8217;arcobaleno in vetro fatto a mano è un&#8217;opzione di design perfetta per aggiungere un tocco di colore e allegria alla tua casa o al tuo ufficio. La sua bellezza e la sua originalità sono in grado di catturare l&#8217;attenzione di chiunque lo veda, regalando emozioni e sensazioni di gioia e positività.</p><p>The post <a href="/product/delicious-berries/">Arcobaleno in vetro</a> first appeared on <a href="">GlassArt</a>.</p>]]></content:encoded>
					
					<wfw:commentRss>/product/delicious-berries/feed/</wfw:commentRss>
			<slash:comments>1</slash:comments>
		
		
			</item>
	</channel>
</rss>
