<?xml version="1.0" encoding="UTF-8"?><rss version="2.0"
	xmlns:content="http://purl.org/rss/1.0/modules/content/"
	xmlns:wfw="http://wellformedweb.org/CommentAPI/"
	xmlns:dc="http://purl.org/dc/elements/1.1/"
	xmlns:atom="http://www.w3.org/2005/Atom"
	xmlns:sy="http://purl.org/rss/1.0/modules/syndication/"
	xmlns:slash="http://purl.org/rss/1.0/modules/slash/"
	
	xmlns:georss="http://www.georss.org/georss"
	xmlns:geo="http://www.w3.org/2003/01/geo/wgs84_pos#"
	>

<channel>
	<title>snapback - GlassArt</title>
	<atom:link href="http://localhost/progetto1/product-tag/snapback/feed/?simply_static_page=525" rel="self" type="application/rss+xml" />
	<link></link>
	<description></description>
	<lastBuildDate>Fri, 03 Mar 2023 16:13:51 +0000</lastBuildDate>
	<language>it-IT</language>
	<sy:updatePeriod>
	hourly	</sy:updatePeriod>
	<sy:updateFrequency>
	1	</sy:updateFrequency>
	<generator>https://wordpress.org/?v=6.1.1</generator>

<image>
	<url>/wp-content/uploads/2017/07/cropped-belinni-favicon-80x80.png</url>
	<title>snapback - GlassArt</title>
	<link></link>
	<width>32</width>
	<height>32</height>
</image> 
	<item>
		<title>Cavallo in vetro artigianale</title>
		<link>/product/flowers/?utm_source=rss#038;utm_medium=rss&#038;utm_campaign=flowers</link>
					<comments>/product/flowers/#respond</comments>
		
		<dc:creator><![CDATA[samuele]]></dc:creator>
		<pubDate>Wed, 24 May 2017 11:41:39 +0000</pubDate>
				<guid isPermaLink="false">http://belinni.pixel-show.com/?post_type=product&#038;p=408</guid>

					<description><![CDATA[<p>Vi presentiamo il nostro ultimo capolavoro, un prodotto unico nel suo genere per i veri amanti dei cavalli: il cavallo in vetro artigianale.</p>
<p>Questo splendido cavallo è stato interamente realizzato a mano, con la tecnica del soffiaggio del vetro, da un maestro vetraio di grande talento. Ogni dettaglio è stato curato con la massima precisione e maestria, dando vita ad un pezzo unico ed esclusivo.</p>
<p>La luminosità del vetro conferisce al cavallo una bellezza senza pari, esaltandone la forza e l'eleganza. La sua trasparenza permette di ammirare le linee sinuose e delicate del corpo del cavallo, rendendo l'oggetto un'opera d'arte senza tempo.</p>
<p>The post <a href="/product/flowers/">Cavallo in vetro artigianale</a> first appeared on <a href="">GlassArt</a>.</p>]]></description>
										<content:encoded><![CDATA[<p>Vi presentiamo il nostro ultimo capolavoro, un prodotto unico nel suo genere per i veri amanti dei cavalli: il cavallo in vetro artigianale.</p>
<p>Questo splendido cavallo è stato interamente realizzato a mano, con la tecnica del soffiaggio del vetro, da un maestro vetraio di grande talento. Ogni dettaglio è stato curato con la massima precisione e maestria, dando vita ad un pezzo unico ed esclusivo.</p>
<p>La luminosità del vetro conferisce al cavallo una bellezza senza pari, esaltandone la forza e l&#8217;eleganza. La sua trasparenza permette di ammirare le linee sinuose e delicate del corpo del cavallo, rendendo l&#8217;oggetto un&#8217;opera d&#8217;arte senza tempo.</p><p>The post <a href="/product/flowers/">Cavallo in vetro artigianale</a> first appeared on <a href="">GlassArt</a>.</p>]]></content:encoded>
					
					<wfw:commentRss>/product/flowers/feed/</wfw:commentRss>
			<slash:comments>0</slash:comments>
		
		
			</item>
	</channel>
</rss>
