<?xml version="1.0" encoding="UTF-8"?><rss version="2.0"
	xmlns:content="http://purl.org/rss/1.0/modules/content/"
	xmlns:dc="http://purl.org/dc/elements/1.1/"
	xmlns:atom="http://www.w3.org/2005/Atom"
	xmlns:sy="http://purl.org/rss/1.0/modules/syndication/"
	
	xmlns:georss="http://www.georss.org/georss"
	xmlns:geo="http://www.w3.org/2003/01/geo/wgs84_pos#"
	
	>
<channel>
	<title>
	Commenti a: Rana in vetro artigianale	</title>
	<atom:link href="http://localhost/progetto1/product/beautiful-backpack/feed/?simply_static_page=506" rel="self" type="application/rss+xml" />
	<link>/product/beautiful-backpack/?utm_source=rss#038;utm_medium=rss&#038;utm_campaign=beautiful-backpack</link>
	<description></description>
	<lastBuildDate>Fri, 03 Mar 2023 16:18:46 +0000</lastBuildDate>
	<sy:updatePeriod>
	hourly	</sy:updatePeriod>
	<sy:updateFrequency>
	1	</sy:updateFrequency>
	<generator>https://wordpress.org/?v=6.1.1</generator>
	<item>
		<title>
		Di: Viktoria		</title>
		<link>/product/beautiful-backpack/#comment-29</link>

		<dc:creator><![CDATA[Viktoria]]></dc:creator>
		<pubDate>Wed, 24 May 2017 12:59:45 +0000</pubDate>
		<guid isPermaLink="false">http://belinni.pixel-show.com/?post_type=product&#038;p=404#comment-29</guid>

					<description><![CDATA[Cras eleifend ipsum, nullam felis mattis orci viverra orci, elit enim ornare non vitae tortor duis, nulla vitae a est quam lacus. Mi maecenas sollicitudin nulla vestibulum et wisi, ac semper nibh at. Rerum interdum amet nam in, sed dui, varius tortor sed mi maecenas commodo, fringilla phasellus amet diam elementum, erat eu lacus. Augue scelerisque, erat curae varius sapien eget. Duis aliquet.]]></description>
			<content:encoded><![CDATA[<p>Cras eleifend ipsum, nullam felis mattis orci viverra orci, elit enim ornare non vitae tortor duis, nulla vitae a est quam lacus. Mi maecenas sollicitudin nulla vestibulum et wisi, ac semper nibh at. Rerum interdum amet nam in, sed dui, varius tortor sed mi maecenas commodo, fringilla phasellus amet diam elementum, erat eu lacus. Augue scelerisque, erat curae varius sapien eget. Duis aliquet.</p>
]]></content:encoded>
		
			</item>
	</channel>
</rss>
