<?xml version="1.0" encoding="UTF-8"?><rss version="2.0"
	xmlns:content="http://purl.org/rss/1.0/modules/content/"
	xmlns:wfw="http://wellformedweb.org/CommentAPI/"
	xmlns:dc="http://purl.org/dc/elements/1.1/"
	xmlns:atom="http://www.w3.org/2005/Atom"
	xmlns:sy="http://purl.org/rss/1.0/modules/syndication/"
	xmlns:slash="http://purl.org/rss/1.0/modules/slash/"
	
	xmlns:georss="http://www.georss.org/georss"
	xmlns:geo="http://www.w3.org/2003/01/geo/wgs84_pos#"
	>

<channel>
	<title>Branding - GlassArt</title>
	<atom:link href="http://localhost/progetto1/product-tag/branding/feed/?simply_static_page=527" rel="self" type="application/rss+xml" />
	<link></link>
	<description></description>
	<lastBuildDate>Fri, 03 Mar 2023 16:18:46 +0000</lastBuildDate>
	<language>it-IT</language>
	<sy:updatePeriod>
	hourly	</sy:updatePeriod>
	<sy:updateFrequency>
	1	</sy:updateFrequency>
	<generator>https://wordpress.org/?v=6.1.1</generator>

<image>
	<url>/wp-content/uploads/2017/07/cropped-belinni-favicon-80x80.png</url>
	<title>Branding - GlassArt</title>
	<link></link>
	<width>32</width>
	<height>32</height>
</image> 
	<item>
		<title>Rana in vetro artigianale</title>
		<link>/product/beautiful-backpack/?utm_source=rss#038;utm_medium=rss&#038;utm_campaign=beautiful-backpack</link>
					<comments>/product/beautiful-backpack/#comments</comments>
		
		<dc:creator><![CDATA[samuele]]></dc:creator>
		<pubDate>Wed, 24 May 2017 11:36:02 +0000</pubDate>
				<guid isPermaLink="false">http://belinni.pixel-show.com/?post_type=product&#038;p=404</guid>

					<description><![CDATA[<p>La nostra rana in vetro fatto a mano è un'opera d'arte che incanta e stupisce per la sua bellezza e la sua precisione artigiana. Ogni pezzo è unico, realizzato interamente a mano da un maestro vetraio esperto che ha saputo unire la maestria artigiana alla creatività e alla fantasia.</p>
<p>La rana è realizzata in vetro di alta qualità, trasparente e cristallino, che dona alla figura un aspetto luminoso e affascinante. La forma è realistica e dettagliata, con le gambe, il corpo e gli occhi della rana ben definiti e sagomati con maestria.</p>
<p>La rana in vetro fatto a mano può essere utilizzata come elemento decorativo in diversi ambienti, dalla casa all'ufficio, dal giardino all'interno di un acquario. Grazie alla sua resistenza e alla sua durabilità, può essere posizionata anche all'esterno, magari in prossimità di una fontana o di un corso d'acqua, per creare un'atmosfera ancora più realistica.</p>
<p>La rana in vetro fatto a mano è un'opzione di design perfetta per arricchire qualsiasi ambiente con un tocco di originalità e di eleganza. La sua bellezza e la sua originalità sono uniche, in grado di catturare l'attenzione di chiunque la veda, regalando emozioni e sensazioni di serenità e armonia con la natura.</p>
<p>The post <a href="/product/beautiful-backpack/">Rana in vetro artigianale</a> first appeared on <a href="">GlassArt</a>.</p>]]></description>
										<content:encoded><![CDATA[<p>La nostra rana in vetro fatto a mano è un&#8217;opera d&#8217;arte che incanta e stupisce per la sua bellezza e la sua precisione artigiana. Ogni pezzo è unico, realizzato interamente a mano da un maestro vetraio esperto che ha saputo unire la maestria artigiana alla creatività e alla fantasia.</p>
<p>La rana è realizzata in vetro di alta qualità, trasparente e cristallino, che dona alla figura un aspetto luminoso e affascinante. La forma è realistica e dettagliata, con le gambe, il corpo e gli occhi della rana ben definiti e sagomati con maestria.</p>
<p>La rana in vetro fatto a mano può essere utilizzata come elemento decorativo in diversi ambienti, dalla casa all&#8217;ufficio, dal giardino all&#8217;interno di un acquario. Grazie alla sua resistenza e alla sua durabilità, può essere posizionata anche all&#8217;esterno, magari in prossimità di una fontana o di un corso d&#8217;acqua, per creare un&#8217;atmosfera ancora più realistica.</p>
<p>La rana in vetro fatto a mano è un&#8217;opzione di design perfetta per arricchire qualsiasi ambiente con un tocco di originalità e di eleganza. La sua bellezza e la sua originalità sono uniche, in grado di catturare l&#8217;attenzione di chiunque la veda, regalando emozioni e sensazioni di serenità e armonia con la natura.</p><p>The post <a href="/product/beautiful-backpack/">Rana in vetro artigianale</a> first appeared on <a href="">GlassArt</a>.</p>]]></content:encoded>
					
					<wfw:commentRss>/product/beautiful-backpack/feed/</wfw:commentRss>
			<slash:comments>1</slash:comments>
		
		
			</item>
	</channel>
</rss>
